DROP DATABASE IF EXISTS Escuela;
create database Escuela;
USE Escuela;
CREATE TABLE grupo (
    id_grupo INT PRIMARY KEY auto_increment,
    cantidad_alumnos INT,
    grupo VARCHAR(50),
    asignatura VARCHAR(100),
    aula VARCHAR(50),
    horario VARCHAR(50)
);
CREATE TABLE maestro (
    id_maestro INT PRIMARY KEY auto_increment,
    nombre VARCHAR(100),
    años_experiencia INT,
    especialidad VARCHAR(100),
    telefono VARCHAR(15),
    direccion TEXT
);
CREATE TABLE materia (
    id_materia INT PRIMARY KEY auto_increment,
    nombre VARCHAR(100),
    id_grupo INT,
    id_maestro INT,
    aula VARCHAR(50),
    horario VARCHAR(50),
    FOREIGN KEY (id_grupo) REFERENCES grupo(id_grupo),
    FOREIGN KEY (id_maestro) REFERENCES maestro(id_maestro)
);
CREATE TABLE estudiante (
    id_estudiante INT PRIMARY KEY auto_increment,
    nombre VARCHAR(100),
    carrera VARCHAR(100),
    edad INT,
    telefono VARCHAR(15),
    direccion TEXT,
    correo VARCHAR(100),
    id_grupo INT,
    id_materia INT,
    id_maestro INT,
    FOREIGN KEY (id_grupo) REFERENCES grupo(id_grupo),
    FOREIGN KEY (id_materia) REFERENCES materia(id_materia),
    FOREIGN KEY (id_maestro) REFERENCES maestro(id_maestro)
);
INSERT INTO grupo (id_grupo, cantidad_alumnos, grupo, asignatura, aula, horario) VALUES
(1, 30, 'Grupo A', 'Matemáticas', 'Aula 101', '08:00-09:00'),
(2, 25, 'Grupo B', 'Ciencias', 'Aula 102', '09:00-10:00'),
(3, 28, 'Grupo C', 'Historia', 'Aula 103', '10:00-11:00'),
(4, 32, 'Grupo D', 'Geografía', 'Aula 104', '11:00-12:00'),
(5, 27, 'Grupo E', 'Literatura', 'Aula 105', '12:00-13:00'),
(6, 29, 'Grupo F', 'Biología', 'Aula 106', '13:00-14:00'),
(7, 31, 'Grupo G', 'Química', 'Aula 107', '14:00-15:00'),
(8, 26, 'Grupo H', 'Física', 'Aula 108', '15:00-16:00'),
(9, 30, 'Grupo I', 'Educación Física', 'Aula 109', '16:00-17:00'),
(10, 25, 'Grupo J', 'Arte', 'Aula 110', '17:00-18:00'),
(11, 28, 'Grupo K', 'Música', 'Aula 111', '08:00-09:00'),
(12, 32, 'Grupo L', 'Informática', 'Aula 112', '09:00-10:00'),
(13, 27, 'Grupo M', 'Economía', 'Aula 113', '10:00-11:00'),
(14, 29, 'Grupo N', 'Psicología', 'Aula 114', '11:00-12:00'),
(15, 31, 'Grupo O', 'Filosofía', 'Aula 115', '12:00-13:00'),
(16, 24, 'Grupo P', 'Programación', 'Aula 116', '08:00-09:00'),
(17, 26, 'Grupo Q', 'Estadística', 'Aula 117', '09:00-10:00'),
(18, 30, 'Grupo R', 'Literatura Clásica', 'Aula 118', '10:00-11:00'),
(19, 28, 'Grupo S', 'Biotecnología', 'Aula 119', '11:00-12:00'),
(20, 25, 'Grupo T', 'Robótica', 'Aula 120', '12:00-13:00'),
(21, 29, 'Grupo U', 'Inteligencia Artificial', 'Aula 121', '13:00-14:00'),
(22, 27, 'Grupo V', 'Astronomía', 'Aula 122', '14:00-15:00'),
(23, 31, 'Grupo W', 'Diseño Gráfico', 'Aula 123', '15:00-16:00'),
(24, 23, 'Grupo X', 'Ciberseguridad', 'Aula 124', '16:00-17:00'),
(25, 32, 'Grupo Y', 'Ética Profesional', 'Aula 125', '17:00-18:00'),
(26, 30, 'Grupo Z', 'Neurología', 'Aula 126', '08:00-09:00'),
(27, 27, 'Grupo AA', 'Psicología Clínica', 'Aula 127', '09:00-10:00'),
(28, 32, 'Grupo AB', 'Ingeniería de Software', 'Aula 128', '10:00-11:00'),
(29, 29, 'Grupo AC', 'Lingüística', 'Aula 129', '11:00-12:00'),
(30, 31, 'Grupo AD', 'Sociología', 'Aula 130', '12:00-13:00'),
(31, 28, 'Grupo AE', 'Derecho', 'Aula 131', '13:00-14:00'),
(32, 25, 'Grupo AF', 'Antropología', 'Aula 132', '14:00-15:00'),
(33, 30, 'Grupo AG', 'Arqueología', 'Aula 133', '15:00-16:00'),
(34, 29, 'Grupo AH', 'Biología Molecular', 'Aula 134', '16:00-17:00'),
(35, 28, 'Grupo AI', 'Ciencias Ambientales', 'Aula 135', '17:00-18:00'),
(36, 30, 'Grupo AJ', 'Matemáticas Aplicadas', 'Aula 136', '08:00-09:00'),
(37, 32, 'Grupo AK', 'Robótica Avanzada', 'Aula 137', '09:00-10:00'),
(38, 27, 'Grupo AL', 'Inteligencia Artificial Aplicada', 'Aula 138', '10:00-11:00'),
(39, 29, 'Grupo AM', 'Genética', 'Aula 139', '11:00-12:00'),
(40, 28, 'Grupo AN', 'Bioquímica', 'Aula 140', '12:00-13:00');
INSERT INTO maestro (id_maestro, nombre, años_experiencia, especialidad, telefono, direccion) VALUES
(1, 'Juan Pérez', 10, 'Cardiología', '1234567890', 'Calle Falsa 123, Ciudad Ficticia'),
(2, 'Ana López', 8, 'Pediatría', '2345678901', 'Avenida Siempre Viva 742, Ciudad Ficticia'),
(3, 'Pedro García', 15, 'Dermatología', '3456789012', 'Boulevard de los Sueños Rotos 101, Ciudad Ficticia'),
(4, 'María Rodríguez', 12, 'Neurología', '4567890123', 'Calle de la Ilusión 999, Ciudad Ficticia'),
(5, 'Luis Hernández', 5, 'Ginecología', '5678901234', 'Calle Esperanza 333, Ciudad Ficticia'),
(6, 'Sofía Martínez', 7, 'Oncología', '6789012345', 'Avenida del Sol 456, Ciudad Ficticia'),
(7, 'Carlos González', 9, 'Ortopedia', '7890123456', 'Calle de la Paz 789, Ciudad Ficticia'),
(8, 'Valeria Sánchez', 11, 'Psiquiatría', '8901234567', 'Avenida Libertad 101, Ciudad Ficticia'),
(9, 'Andrés Flores', 6, 'Oftalmología', '9012345678', 'Calle Victoria 202, Ciudad Ficticia'),
(10, 'Laura Ruiz', 14, 'Gastroenterología', '0123456789', 'Boulevard Triunfo 303, Ciudad Ficticia'),
(11, 'Miguel Torres', 3, 'Urología', '1234509876', 'Calle Progreso 404, Ciudad Ficticia'),
(12, 'Lucía Jiménez', 13, 'Endocrinología', '2345610987', 'Avenida Central 505, Ciudad Ficticia'),
(13, 'Diego Ramírez', 4, 'Reumatología', '3456721098', 'Calle del Futuro 606, Ciudad Ficticia'),
(14, 'Elena Ortiz', 2, 'Neumología', '4567832109', 'Boulevard Esperanza 707, Ciudad Ficticia'),
(15, 'Roberto Silva', 16, 'Hematología', '5678943210', 'Calle de los Sueños 808, Ciudad Ficticia'),
(16, 'Ernesto Salazar', 5, 'Matemáticas Aplicadas', '1112233445', 'Calle Luna 101, Ciudad Ficticia'),
(17, 'Paola Ramírez', 8, 'Física Teórica', '2223344556', 'Avenida Marte 202, Ciudad Ficticia'),
(18, 'Gabriel Torres', 12, 'Programación Avanzada', '3334455667', 'Calle Saturno 303, Ciudad Ficticia'),
(19, 'Laura Medina', 6, 'Estadística', '4445566778', 'Avenida Júpiter 404, Ciudad Ficticia'),
(20, 'Ricardo Gómez', 7, 'Ingeniería de Software', '5556677889', 'Calle Venus 505, Ciudad Ficticia'),
(21, 'Claudia Sánchez', 10, 'Inteligencia Artificial', '6667788990', 'Avenida Plutón 606, Ciudad Ficticia'),
(22, 'Fernando Castillo', 9, 'Astronomía', '7778899001', 'Calle Neptuno 707, Ciudad Ficticia'),
(23, 'Daniela López', 11, 'Diseño Gráfico', '8889900112', 'Avenida Mercurio 808, Ciudad Ficticia'),
(24, 'Oscar Morales', 4, 'Ciberseguridad', '9990011223', 'Calle Tierra 909, Ciudad Ficticia'),
(25, 'Isabel Rojas', 14, 'Ética Profesional', '1011121314', 'Avenida Sol 1001, Ciudad Ficticia'),
(26, 'Carlos Ramírez', 6, 'Biología Molecular', '1122334455', 'Calle del Bosque 112, Ciudad Ficticia'),
(27, 'Laura Jiménez', 3, 'Microbiología', '2233445566', 'Avenida Nueva 223, Ciudad Ficticia'),
(28, 'Antonio López', 9, 'Medicina Deportiva', '3344556677', 'Calle Deportes 334, Ciudad Ficticia'),
(29, 'Marta Martínez', 8, 'Psicología Clínica', '4455667788', 'Boulevard Salud 445, Ciudad Ficticia'),
(30, 'José García', 10, 'Cirugía General', '5566778899', 'Calle de la Salud 556, Ciudad Ficticia'),
(31, 'Alma Rodríguez', 7, 'Medicina Interna', '6677889900', 'Avenida del Corazón 667, Ciudad Ficticia'),
(32, 'Javier Pérez', 12, 'Geriatría', '7788990011', 'Calle del Tiempo 778, Ciudad Ficticia'),
(33, 'Ana Ramírez', 11, 'Obstetricia', '8899001122', 'Calle Maternidad 889, Ciudad Ficticia'),
(34, 'Ricardo Soto', 9, 'Rehabilitación', '9900112233', 'Avenida Fuerza 990, Ciudad Ficticia'),
(35, 'Carmen Fernández', 13, 'Terapia Física', '1231231234', 'Calle Recuperación 123, Ciudad Ficticia'),
(36, 'Patricia Rodríguez', 5, 'Odontología', '2342342345', 'Calle Sonrisa 234, Ciudad Ficticia'),
(37, 'Luis Silva', 7, 'Neurocirugía', '3453453456', 'Avenida Cerebro 345, Ciudad Ficticia'),
(38, 'Felipe Gómez', 6, 'Cardiología Pediátrica', '4564564567', 'Calle Infantil 456, Ciudad Ficticia'),
(39, 'Jorge López', 14, 'Pediatría Oncológica', '5675675678', 'Avenida Esperanza 567, Ciudad Ficticia'),
(40, 'Natalia Herrera', 10, 'Genética Médica', '6786786789', 'Calle ADN 678, Ciudad Ficticia');
INSERT INTO materia (id_materia, nombre, id_grupo, id_maestro, aula, horario) VALUES
(1, 'Matemáticas', 1, 1, 'Aula 101', '08:00-09:00'),
(2, 'Ciencias', 2, 2, 'Aula 102', '09:00-10:00'),
(3, 'Historia', 3, 3, 'Aula 103', '10:00-11:00'),
(4, 'Geografía', 4, 4, 'Aula 104', '11:00-12:00'),
(5, 'Literatura', 5, 5, 'Aula 105', '12:00-13:00'),
(6, 'Biología', 6, 6, 'Aula 106', '13:00-14:00'),
(7, 'Química', 7, 7, 'Aula 107', '14:00-15:00'),
(8, 'Física', 8, 8, 'Aula 108', '15:00-16:00'),
(9, 'Educación Física', 9, 9, 'Aula 109', '16:00-17:00'),
(10, 'Arte', 10, 10, 'Aula 110', '17:00-18:00'),
(11, 'Música', 11, 11, 'Aula 111', '08:00-09:00'),
(12, 'Informática', 12, 12, 'Aula 112', '09:00-10:00'),
(13, 'Economía', 13, 13, 'Aula 113', '10:00-11:00'),
(14, 'Psicología', 14, 14, 'Aula 114', '11:00-12:00'),
(15, 'Filosofía', 15, 15, 'Aula 115', '12:00-13:00'),
(16, 'Programación', 16, 16, 'Aula 116', '08:00-09:00'),
(17, 'Estadística', 17, 17, 'Aula 117', '09:00-10:00'),
(18, 'Literatura Clásica', 18, 18, 'Aula 118', '10:00-11:00'),
(19, 'Biotecnología', 19, 19, 'Aula 119', '11:00-12:00'),
(20, 'Robótica', 20, 20, 'Aula 120', '12:00-13:00'),
(21, 'Inteligencia Artificial', 21, 21, 'Aula 121', '13:00-14:00'),
(22, 'Astronomía', 22, 22, 'Aula 122', '14:00-15:00'),
(23, 'Diseño Gráfico', 23, 23, 'Aula 123', '15:00-16:00'),
(24, 'Ciberseguridad', 24, 24, 'Aula 124', '16:00-17:00'),
(25, 'Ética Profesional', 25, 25, 'Aula 125', '17:00-18:00'),
(26, 'Neurología', 26, 26, 'Aula 126', '08:00-09:00'),
(27, 'Psicología Clínica', 27, 27, 'Aula 127', '09:00-10:00'),
(28, 'Ingeniería de Software', 28, 28, 'Aula 128', '10:00-11:00'),
(29, 'Lingüística', 29, 29, 'Aula 129', '11:00-12:00'),
(30, 'Sociología', 30, 30, 'Aula 130', '12:00-13:00'),
(31, 'Derecho', 31, 31, 'Aula 131', '13:00-14:00'),
(32, 'Antropología', 32, 32, 'Aula 132', '14:00-15:00'),
(33, 'Arqueología', 33, 33, 'Aula 133', '15:00-16:00'),
(34, 'Biología Molecular', 34, 34, 'Aula 134', '16:00-17:00'),
(35, 'Ciencias Ambientales', 35, 35, 'Aula 135', '17:00-18:00'),
(36, 'Matemáticas Aplicadas', 36, 36, 'Aula 136', '08:00-09:00'),
(37, 'Psicología Social', 37, 37, 'Aula 137', '09:00-10:00'),
(38, 'Derecho Penal', 38, 38, 'Aula 138', '10:00-11:00'),
(39, 'Investigación Científica', 39, 39, 'Aula 139', '11:00-12:00'),
(40, 'Ética en la Investigación', 40, 40, 'Aula 140', '12:00-13:00');

INSERT INTO estudiante (nombre, carrera, edad, telefono, direccion, correo, id_grupo, id_materia, id_maestro) VALUES
('Juan Pérez', 'Ingeniería', 20, '1234567890', 'Calle Falsa 123, Ciudad Ficticia', 'juan.perez@example.com', 1, 1, 1),
('Ana López', 'Medicina', 22, '2345678901', 'Avenida Siempre Viva 742, Ciudad Ficticia', 'ana.lopez@example.com', 2, 2, 2),
('Pedro García', 'Derecho', 21, '3456789012', 'Boulevard de los Sueños Rotos 101, Ciudad Ficticia', 'pedro.garcia@example.com', 3, 3, 3),
('Roberto Silva', 'Arquitectura', 23, '4567890123', 'Calle de la Ilusión 999, Ciudad Ficticia', 'maria.rodriguez@example.com', 4, 4, 4),
('Luis Hernández', 'Economía', 19, '5678901234', 'Calle Esperanza 333, Ciudad Ficticia', 'luis.hernandez@example.com', 5, 5, 5),
('Sofía Martínez', 'Psicología', 24, '6789012345', 'Avenida del Sol 456, Ciudad Ficticia', 'sofia.martinez@example.com', 6, 6, 6),
('Carlos González', 'Sociología', 20, '7890123456', 'Calle de la Paz 789, Ciudad Ficticia', 'carlos.gonzalez@example.com', 7, 7, 7),
('Valeria Sánchez', 'Filosofía', 22, '8901234567', 'Avenida Libertad 101, Ciudad Ficticia', 'valeria.sanchez@example.com', 8, 8, 8),
('Andrés Flores', 'Matemáticas', 21, '9012345678', 'Calle Victoria 202, Ciudad Ficticia', 'andres.flores@example.com', 9, 9, 9),
('Laura Ruiz', 'Biología', 23, '0123456789', 'Boulevard Triunfo 303, Ciudad Ficticia', 'laura.ruiz@example.com', 10, 10, 10),
('Miguel Torres', 'Química', 20, '1234509876', 'Calle Progreso 404, Ciudad Ficticia', 'miguel.torres@example.com', 11, 11, 11),
('Lucía Jiménez', 'Física', 22, '2345610987', 'Avenida Central 505, Ciudad Ficticia', 'lucia.jimenez@example.com', 12, 12, 12),
('Ana López', 'Ingeniería', 21, '3456721098', 'Calle del Futuro 606, Ciudad Ficticia', 'diego.ramirez@example.com', 13, 13, 13),
('Elena Ortiz', 'Medicina', 24, '4567832109', 'Boulevard Esperanza 707, Ciudad Ficticia', 'elena.ortiz@example.com', 14, 14, 14),
('Roberto Silva', 'Derecho', 19, '5678943210', 'Calle de los Sueños 808, Ciudad Ficticia', 'roberto.silva@example.com', 15, 15, 15),
('Lucía Salazar', 'Ingeniería en Software', 21, '1112233445', 'Calle Luna 101, Ciudad Ficticia', 'lucia.salazar@example.com', 16, 16, 16),
('Andrés Ramírez', 'Física', 23, '2223344556', 'Avenida Marte 202, Ciudad Ficticia', 'andres.ramirez@example.com', 17, 17, 17),
('Gabriela Torres', 'Literatura', 20, '3334455667', 'Calle Saturno 303, Ciudad Ficticia', 'gabriela.torres@example.com', 18, 18, 18),
('Fernando Medina', 'Biología', 24, '4445566778', 'Avenida Júpiter 404, Ciudad Ficticia', 'fernando.medina@example.com', 19, 19, 19),
('Claudia Gómez', 'Robótica', 22, '5556677889', 'Calle Venus 505, Ciudad Ficticia', 'claudia.gomez@example.com', 20, 20, 20),
('Ricardo Sánchez', 'Inteligencia Artificial', 25, '6667788990', 'Avenida Plutón 606, Ciudad Ficticia', 'ricardo.sanchez@example.com', 21, 21, 21),
('Daniela Castillo', 'Astronomía', 23, '7778899001', 'Calle Neptuno 707, Ciudad Ficticia', 'daniela.castillo@example.com', 22, 22, 22),
('Oscar López', 'Diseño Gráfico', 20, '8889900112', 'Avenida Mercurio 808, Ciudad Ficticia', 'oscar.lopez@example.com', 23, 23, 23),
('Isabel Morales', 'Ciberseguridad', 21, '9990011223', 'Calle Tierra 909, Ciudad Ficticia', 'isabel.morales@example.com', 24, 24, 24),
('Elena Rojas', 'Ética Profesional', 22, '1011121314', 'Avenida Sol 1001, Ciudad Ficticia', 'elena.rojas@example.com', 25, 25, 25),
('Carlos Fernández', 'Geografía', 19, '1234678901', 'Calle Azul 1001, Ciudad Ficticia', 'carlos.fernandez@example.com', 26, 26, 26),
('Marta Rodríguez', 'Psicología', 23, '2345789012', 'Avenida Larga 2001, Ciudad Ficticia', 'marta.rodriguez@example.com', 27, 27, 27),
('Juan Martínez', 'Derecho Penal', 21, '3456890123', 'Boulevard Rosa 3001, Ciudad Ficticia', 'juan.martinez@example.com', 28, 28, 28),
('Patricia García', 'Literatura Comparada', 22, '4567901234', 'Calle Mármol 4001, Ciudad Ficticia', 'patricia.garcia@example.com', 29, 29, 29),
('Ricardo López', 'Historia Contemporánea', 25, '5678012345', 'Avenida Dorada 5001, Ciudad Ficticia', 'ricardo.lopez@example.com', 30, 30, 30),
('Marta Salazar', 'Antropología', 19, '6789123456', 'Calle Áurea 6001, Ciudad Ficticia', 'marta.salazar@example.com', 31, 31, 31),
('José González', 'Matemáticas Aplicadas', 20, '7890234567', 'Calle Primavera 7001, Ciudad Ficticia', 'jose.gonzalez@example.com', 32, 32, 32),
('Claudia Pérez', 'Sociología Aplicada', 21, '8901345678', 'Avenida Gran 8001, Ciudad Ficticia', 'claudia.perez@example.com', 33, 33, 33),
('Ricardo Fernández', 'Lógica Formal', 22, '9012456789', 'Calle del Sol 9001, Ciudad Ficticia', 'ricardo.fernandez@example.com', 34, 34, 34),
('Ana María López', 'Arqueología', 24, '0123567890', 'Boulevard Norte 10001, Ciudad Ficticia', 'ana.maria.lopez@example.com', 35, 35, 35),
('Luis Ramírez', 'Estadística Aplicada', 23, '1234678901', 'Avenida Este 11001, Ciudad Ficticia', 'luis.ramirez@example.com', 36, 36, 36),
('Felipe Rodríguez', 'Matemáticas Financieras', 22, '2345789012', 'Calle Costa 12001, Ciudad Ficticia', 'felipe.rodriguez@example.com', 37, 37, 37),
('Verónica Sánchez', 'Lingüística', 21, '3456890123', 'Avenida Río 13001, Ciudad Ficticia', 'veronica.sanchez@example.com', 38, 38, 38),
('Carlos Méndez', 'Programación Web', 25, '4567901234', 'Calle Cielo 14001, Ciudad Ficticia', 'carlos.mendez@example.com', 39, 39, 39),
('Fabiola Gómez', 'Ingeniería Electrónica', 24, '5678012345', 'Boulevard Oeste 15001, Ciudad Ficticia', 'fabiola.gomez@example.com', 40, 40, 40);
